{
  "FormatType": 2,
  "DeckId": 7891499628,
  "Name": "暴风城：超凡克德",
  "HeroCardId": "HERO_06",
  "CardIds": [
    "CORE_EX1_169",
    "CORE_EX1_169",
    "SCH_427",
    "SCH_427",
    "SCH_333",
    "SCH_333",
    "DMF_058",
    "DMF_058",
    "DMF_057",
    "DMF_057",
    "BT_128",
    "BT_128",
    "CORE_OG_047",
    "CORE_OG_047",
    "CORE_CS2_013",
    "BT_130",
    "BT_130",
    "CORE_EX1_095",
    "CORE_EX1_095",
    "WC_006",
    "CORE_EX1_164",
    "CORE_EX1_164",
    "SW_429",
    "SW_429",
    "BAR_539",
    "BAR_539",
    "DMF_732",
    "DMF_732",
    "CS3_034",
    "DMF_254"
  ]
}