{
  "FormatType": 1,
  "DeckId": 7896085412,
  "Name": "234",
  "HeroCardId": "HERO_05",
  "CardIds": [
    "CS2_186",
    "CS2_186",
    "BT_255",
    "BT_716",
    "BT_716",
    "DMF_078",
    "DMF_078",
    "ULD_178",
    "DMF_074",
    "CS2_161",
    "WC_029",
    "WC_029",
    "CORE_CS2_222",
    "CORE_CS2_222",
    "CS3_035",
    "CS2_201",
    "CS2_201",
    "CORE_EX1_188",
    "CORE_EX1_188",
    "DRG_310",
    "DRG_310",
    "CORE_EX1_249",
    "CORE_EX1_543",
    "CS3_033",
    "CS3_031",
    "DRG_402",
    "CORE_LOOT_137",
    "CORE_LOOT_137",
    "ULD_183",
    "CS3_032"
  ]
}