{
  "bool_33": true,
  "s_001": "1.3",
  "i_001": 1.26890755,
  "i_002": 1,
  "i_013": 1.26,
  "ArenaDontOpenRewards": false,
  "ArenaDontDraft": false,
  "AutoConcedeMinDelayMs": 15000,
  "AutoConcedeMaxDelayMs": 30000,
  "SpectateRandomFriend": true,
  "SpectateAllowedName": "",
  "HideInactiveGameMode": true,
  "AutoConcedeAfterConstructedWin": false,
  "AutoConcedeNextConstructedGame": false,
  "RoutineMustDraftArena": true,
  "ConstructedMode": 0,
  "ConstructedCustomDeck": "234",
  "AutoGreet": false,
  "ReleaseLimit": true,
  "SliderShopSpeedRatioText": "1.3",
  "SliderShopSpeedRatio": 1.26890755,
  "GameMode": 2,
  "ConstructedGameRule": 1,
  "PracticeDifficulty": 0,
  "PracticeOpponentClass": 3,
  "PracticeCustomDeck": "234",
  "FriendlyCustomDeck": "",
  "FriendlyAllowedName": ""
}