{
  "LastDeckCachePid": 21932,
  "AllowExternalAccess": false,
  "ShowGlobalTab": false,
  "ShowConfigurationTab": false,
  "ShowDevTab": false,
  "ShowToolsTab": false,
  "TopRowDefinitionHeight": "*",
  "BottomRowDefinitionHeight": "*",
  "SplitterRowDefinitionHeight": "Auto",
  "MsBetweenTicks": 15,
  "InputEventMsDelay": 50,
  "MsBetweenGuiTicks": 1000,
  "WindowX": 668,
  "WindowY": 48,
  "WindowWidth": 627,
  "WindowHeight": 600,
  "LastBot": "DefaultBot",
  "LastRoutine": "自定义策略",
  "EnabledPlugins": []
}