{
  "Wins": 0,
  "Wins1": 0,
  "Wins2": 0,
  "Wins3": 0,
  "Wins4": 0,
  "Wins5": 0,
  "Wins6": 0,
  "Wins7": 0,
  "Wins8": 0,
  "Wins9": 0,
  "Wins10": 0,
  "Losses": 1,
  "Losses1": 0,
  "Losses2": 0,
  "Losses3": 0,
  "Losses4": 0,
  "Losses5": 1,
  "Losses6": 0,
  "Losses7": 0,
  "Losses8": 0,
  "Losses9": 0,
  "Losses10": 0,
  "Winrate": "0%",
  "Winrate1": "0",
  "Winrate2": "0",
  "Winrate3": "0",
  "Winrate4": "0",
  "Winrate5": "0%",
  "Winrate6": "0",
  "Winrate7": "0",
  "Winrate8": "0",
  "Winrate9": "0",
  "Winrate10": "0",
  "environment": "100%",
  "environment1": "0",
  "environment2": "0",
  "environment3": "0",
  "environment4": "0",
  "environment5": "100%",
  "environment6": "0",
  "environment7": "0",
  "environment8": "0",
  "environment9": "0",
  "environment10": "0"
}